job_id,fraudulent,salary_min,salary_max
11,0,100000.0,120000.0
24,0,100000.0,120000.0
32,0,50000.0,65000.0
43,0,40000.0,50000.0
77,0,65000.0,70000.0
78,0,75.0,115.0
93,0,16000.0,28000.0
99,1,95000.0,115000.0
153,0,50.0,110.0
155,0,0.0,34300.0
156,0,35000.0,40000.0
160,0,9.0,9.0
161,0,44000.0,57000.0
168,0,55000.0,75000.0
178,0,0.0,0.0
191,0,55000.0,75000.0
204,0,80000.0,100000.0
216,1,95000.0,115000.0
262,0,0.0,0.0
299,0,45000.0,67000.0
304,0,80000.0,100000.0
323,0,45000.0,65000.0
325,0,70000.0,90000.0
335,0,40000.0,50000.0
355,0,80000.0,100000.0
358,1,35000.0,73000.0
369,0,40000.0,50000.0
372,0,60000.0,120000.0
377,0,120000.0,15000000.0
379,0,42000.0,55000.0
381,0,90000.0,120000.0
383,0,100000.0,150000.0
386,0,55000.0,75000.0
398,0,75000.0,110000.0
424,0,0.0,0.0
430,0,1600.0,1700.0
439,0,30000.0,70000.0
442,0,32000.0,40000.0
443,0,50000.0,65000.0
452,0,50.0,100.0
473,0,0.0,0.0
479,0,45000.0,67000.0
494,1,23040.0,28800.0
503,0,80000.0,110000.0
537,0,9000.0,12000.0
540,0,50000.0,90000.0
541,0,80000.0,110000.0
545,0,25000.0,42000.0
572,0,120000.0,170000.0
582,0,45000.0,90000.0
609,0,70000.0,90000.0
613,0,25000.0,30000.0
626,0,55000.0,75000.0
629,1,65000.0,75000.0
667,0,5000.0,6000.0
691,0,36000.0,52000.0
708,0,0.0,0.0
711,0,110000.0,150000.0
724,0,50000.0,150000.0
735,0,100000.0,600000.0
739,0,55000.0,75000.0
741,1,80000.0,120000.0
746,0,10800.0,10800.0
755,0,45000.0,50000.0
764,0,0.0,0.0
768,0,0.0,0.0
771,0,35000.0,150000.0
776,0,60000.0,100000.0
777,0,70000.0,125000.0
779,0,37000.0,37000.0
811,0,0.0,130000.0
813,1,65000.0,75000.0
833,0,45000.0,85000.0
840,0,25000.0,35000.0
844,1,23000.0,32000.0
846,1,25000.0,30000.0
880,0,40000.0,85000.0
889,0,40000.0,70000.0
894,0,75000.0,85000.0
898,0,110000.0,140000.0
904,0,30000.0,40000.0
912,0,20000.0,35000.0
914,0,65000.0,75000.0
930,0,0.0,0.0
938,1,70000.0,120000.0
945,0,85000.0,125000.0
946,0,90000.0,120000.0
960,0,90.0,120.0
970,0,4001.0,6000.0
981,0,95000.0,125000.0
990,0,60000.0,75000.0
995,0,80000.0,110000.0
999,0,35000.0,45000.0
1004,0,80000.0,120000.0
1005,0,20000.0,30000.0
1019,0,90000.0,100000.0
1049,0,75.0,100.0
1057,0,1161.0,1161.0
1068,0,30000.0,50000.0
1070,0,40000.0,50000.0
1079,0,50000.0,70000.0
1086,0,60000.0,80000.0
1109,0,50000.0,60000.0
1143,0,110000.0,130000.0
1160,0,40000.0,45000.0
1172,0,100000.0,130000.0
1178,0,80000.0,105000.0
1183,0,36000.0,63000.0
1201,0,0.0,0.0
1205,1,60000.0,90000.0
1236,0,55000.0,65000.0
1241,0,50.0,53.0
1252,0,90000.0,110000.0
1287,0,30000.0,50000.0
1293,0,50000.0,55000.0
1303,0,30000.0,40000.0
1341,0,35000.0,65000.0
1383,0,40000.0,50000.0
1385,0,26000.0,30000.0
1387,0,45000.0,67000.0
1390,0,40000.0,80000.0
1394,0,75000.0,125000.0
1396,0,24000.0,26000.0
1411,0,85.0,140.0
1421,1,75000.0,80000.0
1437,0,0.0,90000.0
1463,0,25000.0,50000.0
1470,0,70000.0,120000.0
1471,0,65000.0,80000.0
1493,0,70000.0,85000.0
1498,0,130000.0,160000.0
1503,0,30000.0,50000.0
1507,0,30000.0,40000.0
1508,0,21120.0,30000.0
1515,0,48000.0,57600.0
1520,0,65000.0,75000.0
1522,0,80000.0,100000.0
1545,0,40000.0,50000.0
1547,0,0.0,0.0
1557,0,84000.0,102000.0
1573,0,30000.0,70000.0
1578,0,24000.0,32000.0
1594,0,28000.0,42000.0
1600,0,0.0,1000.0
1650,0,80000.0,90000.0
1653,0,50000.0,60000.0
1663,1,13.0,20.0
1670,0,1000.0,2000.0
1677,0,35000.0,65000.0
1678,0,45000.0,65000.0
1682,0,35000.0,120000.0
1685,0,35000.0,65000.0
1707,0,25000.0,35000.0
1708,0,30000.0,50000.0
1717,0,50000.0,120000.0
1724,0,40000.0,50000.0
1738,0,75000.0,150000.0
1740,0,0.0,30000.0
1742,0,15000.0,17000.0
1785,0,40000.0,50000.0
1804,0,80000.0,110000.0
1819,0,80000.0,120000.0
1837,0,115000.0,125000.0
1839,0,90000.0,120000.0
1841,0,70000.0,80000.0
1842,0,60000.0,80000.0
1844,1,21.0,63000.0
1876,0,35000.0,50000.0
1888,0,75000.0,85000.0
1923,1,20000.0,38000.0
1938,0,15000.0,30000.0
1957,0,23000.0,28000.0
1972,0,75000.0,125000.0
1975,0,52000.0,57000.0
2025,0,1600.0,1600.0
2084,0,25000.0,30000.0
2098,0,80000.0,120000.0
2105,0,45000.0,67000.0
2122,0,60000.0,80000.0
2136,0,60000.0,90000.0
2156,0,20000.0,23000.0
2162,0,100.0,200.0
2180,0,80000.0,110000.0
2181,0,40000.0,50000.0
2195,0,1100.0,1200.0
2198,0,55000.0,65000.0
2226,0,45000.0,45000.0
2234,0,33000.0,34000.0
2236,0,33000.0,34000.0
2240,0,18000.0,44000.0
2248,0,80000.0,110000.0
2264,0,70000.0,125000.0
2270,0,40000.0,50000.0
2274,1,30000.0,50000.0
2285,0,1050.0,1100.0
2289,0,40000.0,50000.0
2295,0,50000.0,70000.0
2308,0,0.0,0.0
2331,0,80000.0,110000.0
2334,0,1000.0,1000.0
2336,0,30000.0,50000.0
2349,0,30000.0,45000.0
2370,0,60000.0,80000.0
2380,1,1000.0,1000.0
2433,0,40000.0,50000.0
2445,1,55.0,65.0
2461,0,30000.0,37000.0
2472,0,23000.0,96000.0
2479,0,50.0,70.0
2484,1,1000.0,5000.0
2491,0,40000.0,50000.0
2541,0,65000.0,85000.0
2549,0,80000.0,100000.0
2553,0,100000.0,150000.0
2588,0,75000.0,100000.0
2600,0,80000.0,100000.0
2604,0,80000.0,100000.0
2622,0,24900.0,31200.0
2637,0,80000.0,120000.0
2653,1,30000.0,40000.0
2654,0,40000.0,50000.0
2658,0,75000.0,85000.0
2667,0,27000.0,28000.0
2682,0,35000.0,45000.0
2690,0,45000.0,50000.0
2702,0,40000.0,50000.0
2707,0,10716.0,16074.0
2718,0,50000.0,65000.0
2721,0,35000.0,50000.0
2735,0,0.0,9360000.0
2740,1,36000.0,50000.0
2751,1,20000.0,30000.0
2760,0,45000.0,85000.0
2761,0,40000.0,50000.0
2770,0,50000.0,70000.0
2776,0,35000.0,45000.0
2780,0,35000.0,65000.0
2789,0,21120.0,30000.0
2796,0,37400.0,37400.0
2810,0,115000.0,125000.0
2815,0,49000.0,58000.0
2816,0,80000.0,80000.0
2842,0,100000.0,200000.0
2858,0,140000.0,150000.0
2876,0,140000.0,150000.0
2883,0,40000.0,50000.0
2893,1,80000.0,200000.0
2898,1,25000.0,35000.0
2918,0,0.0,30000.0
2931,1,20.0,3075.0
2943,0,40000.0,120000.0
2972,0,0.0,0.0
2978,1,60000.0,80000.0
2982,0,80000.0,100000.0
2991,0,70000.0,85000.0
3032,0,25000.0,100000.0
3038,0,120000.0,160000.0
3057,0,60000.0,120000.0
3075,0,50000.0,55000.0
3112,0,90000.0,100000.0
3113,0,36000.0,42000.0
3136,0,40000.0,140000.0
3137,0,60000.0,75000.0
3172,0,0.0,45000.0
3185,0,40000.0,100000.0
3198,0,40000.0,60000.0
3203,0,45.0,75.0
3204,0,80000.0,100000.0
3239,0,75000.0,100000.0
3266,0,35000.0,100000.0
3278,0,77000.0,97000.0
3287,0,50000.0,65000.0
3302,0,0.0,0.0
3311,1,30000.0,50000.0
3334,0,75000.0,120000.0
3338,0,80000.0,130000.0
3346,1,13.0,20.0
3378,0,80000.0,100000.0
3379,0,140000.0,160000.0
3386,0,90.0,120.0
3391,0,19800.0,20800.0
3398,0,60000.0,90000.0
3401,0,60000.0,90000.0
3417,0,30000.0,50000.0
3426,0,24000.0,32000.0
3439,1,80000.0,85000.0
3457,0,60000.0,100000.0
3509,0,70000.0,150000.0
3523,0,35000.0,40000.0
3525,0,70000.0,85000.0
3532,0,40000.0,60000.0
3560,0,18720.0,21840.0
3562,0,0.0,0.0
3565,0,0.0,0.0
3569,0,30000.0,35000.0
3573,0,29000.0,33000.0
3578,0,130000.0,150000.0
3600,0,40000.0,100000.0
3607,0,67000.0,70000.0
3610,1,30000.0,50000.0
3624,0,45000.0,67000.0
3626,0,45000.0,67000.0
3627,0,45000.0,67000.0
3637,0,40000.0,60000.0
3643,0,0.0,0.0
3647,0,19000.0,36000.0
3654,0,36000.0,42000.0
3661,0,25000.0,30000.0
3662,0,30000.0,40000.0
3712,1,55.0,65.0
3713,0,35000.0,65000.0
3731,0,35000.0,55000.0
3735,0,65000.0,70000.0
3737,0,40000.0,60000.0
3752,0,35000.0,45000.0
3756,0,32000.0,34000.0
3774,0,45000.0,55000.0
3785,0,40000.0,50000.0
3808,1,1000.0,6000.0
3875,0,45000.0,50000.0
3878,0,30160.0,30160.0
3879,0,55000.0,75000.0
3898,0,110000.0,125000.0
3900,0,60000.0,80000.0
3905,0,80000.0,110000.0
3942,1,30000.0,50000.0
3980,0,65000.0,75000.0
3991,0,60000.0,100000.0
3998,0,41000.0,45000.0
4002,0,1000.0,1000.0
4005,1,12000.0,17000.0
4010,0,30000.0,35000.0
4017,0,60000.0,75000.0
4024,0,60.0,70.0
4033,0,50000.0,60000.0
4041,0,60000.0,90000.0
4044,0,13.0,15.0
4053,1,21.0,63000.0
4055,0,30000.0,35000.0
4061,0,30000.0,45000.0
4105,0,70000.0,80000.0
4128,0,30000.0,50000.0
4184,1,35000.0,40000.0
4213,0,45000.0,50000.0
4224,0,80000.0,140000.0
4245,0,55000.0,70000.0
4267,1,30000.0,40000.0
4300,0,8.0,8.0
4319,0,55000.0,75000.0
4336,0,40000.0,55000.0
4352,0,40000.0,50000.0
4364,0,45000.0,67000.0
4403,1,30000.0,60000.0
4412,0,55000.0,75000.0
4423,0,70000.0,80000.0
4463,0,55000.0,100000.0
4492,0,90000.0,120000.0
4509,0,30000.0,40000.0
4519,0,40000.0,50000.0
4523,0,55.0,65.0
4536,0,200000.0,500000.0
4537,1,30000.0,50000.0
4566,1,21.0,63000.0
4570,0,200.0,230.0
4575,0,3000.0,100000.0
4579,1,28000.0,35000.0
4595,1,23000.0,28000.0
4600,1,45000.0,65000.0
4601,0,0.0,92000.0
4606,1,30000.0,45000.0
4608,1,30000.0,45000.0
4613,0,60000.0,80000.0
4664,0,30000.0,40000.0
4669,1,50000.0,65000.0
4694,0,40000.0,50000.0
4700,0,30.0,50.0
4719,0,30000.0,36000.0
4727,0,90000.0,125000.0
4744,1,28000.0,32000.0
4745,0,32000.0,40000.0
4750,1,30000.0,45000.0
4752,0,55000.0,65000.0
4768,0,55000.0,75000.0
4796,0,36000.0,42000.0
4813,0,110.0,140.0
4828,0,50000.0,65000.0
4830,0,130000.0,160000.0
4860,0,95000.0,150000.0
4876,0,70.0,120.0
4884,0,32000.0,36000.0
4911,1,1000.0,3000.0
4941,0,70000.0,130000.0
4946,0,100000.0,160000.0
4964,0,70000.0,120000.0
4968,1,30000.0,100000.0
5004,0,130000.0,145000.0
5015,0,60000.0,80000.0
5018,0,35.0,45.0
5026,1,1000.0,2000.0
5044,0,45000.0,67000.0
5055,0,41600.0,62400.0
5059,1,1000.0,2000.0
5064,0,40000.0,50000.0
5116,1,2000.0,2000.0
5124,0,95000.0,110000.0
5199,0,120000.0,130000.0
5202,0,100000.0,120000.0
5221,0,42000.0,80000.0
5243,0,40000.0,55000.0
5246,0,60000.0,120000.0
5247,0,60000.0,120000.0
5248,0,30000.0,60000.0
5249,0,35000.0,50000.0
5254,0,40000.0,120000.0
5255,1,34000.0,50000.0
5268,0,60000.0,90000.0
5279,0,22000.0,60000.0
5292,0,24000.0,28000.0
5312,0,90000.0,110000.0
5318,0,0.0,100000.0
5336,0,0.0,100000.0
5347,0,28000.0,32000.0
5357,0,50000.0,70000.0
5358,0,60.0,150.0
5364,0,15000.0,75000.0
5414,1,0.0,2000.0
5438,0,0.0,0.0
5478,0,50000.0,75000.0
5485,0,65000.0,80000.0
5501,0,40000.0,45000.0
5522,0,35000.0,40000.0
5539,0,40000.0,40000.0
5541,0,50000.0,60000.0
5563,1,25000.0,40000.0
5598,0,29120.0,37440.0
5618,0,35.0,100.0
5635,0,50000.0,72000.0
5647,0,100000.0,120000.0
5684,0,60000.0,100000.0
5688,1,7200.0,1380000.0
5689,1,1000.0,2000.0
5692,1,7200.0,1380000.0
5705,0,65000.0,70000.0
5708,0,0.0,0.0
5711,0,0.0,0.0
5735,0,0.0,20000.0
5744,0,20800.0,22880.0
5798,0,0.0,0.0
5800,0,100000.0,120000.0
5805,1,35000.0,50000.0
5809,1,35000.0,45000.0
5822,0,0.0,0.0
5839,1,70000.0,80000.0
5841,0,50000.0,55000.0
5849,0,100000.0,120000.0
5867,0,34000.0,38000.0
5873,0,45000.0,55000.0
5887,0,32.0,35.0
5896,0,20000.0,30000.0
5964,0,80000.0,90000.0
5986,0,28000.0,42000.0
5992,0,60000.0,100000.0
6000,0,50000.0,55000.0
6018,0,20800.0,22800.0
6042,0,75000.0,100000.0
6044,0,0.0,0.0
6057,1,250000.0,500000.0
6071,0,27000.0,32000.0
6094,0,70000.0,80000.0
6109,0,110.0,120.0
6110,0,35000.0,45000.0
6112,0,0.0,0.0
6115,0,115000.0,125000.0
6120,0,60000.0,75000.0
6126,0,50000.0,70000.0
6132,0,27000.0,32000.0
6152,0,55000.0,75000.0
6165,0,50000.0,55000.0
6193,0,80.0,100.0
6194,0,50000.0,70000.0
6227,0,33000.0,36000.0
6241,0,30000.0,35000.0
6249,0,0.0,65000.0
6251,0,60000.0,70000.0
6279,0,0.0,43500.0
6293,0,70000.0,125000.0
6295,0,25.0,1000.0
6314,0,50000.0,60000.0
6334,1,21600.0,31200.0
6364,1,35.0,45.0
6375,1,45.0,48.0
6386,0,70.0,100.0
6407,0,26000.0,52000.0
6414,0,900.0,900.0
6451,0,60000.0,75000.0
6452,0,80000.0,95000.0
6470,0,80000.0,110000.0
6500,0,100.0,150.0
6501,1,40000.0,65000.0
6502,0,50000.0,60000.0
6506,1,28000.0,32000.0
6517,0,100.0,120.0
6519,1,23000.0,26000.0
6522,1,23000.0,28000.0
6528,1,26000.0,30000.0
6529,1,30000.0,40000.0
6547,1,45000.0,70000.0
6551,1,26000.0,32000.0
6552,0,40000.0,50000.0
6565,1,28000.0,32000.0
6566,1,23000.0,28000.0
6567,1,28000.0,32000.0
6569,1,32000.0,40000.0
6586,0,90000.0,125000.0
6593,0,50000.0,60000.0
6604,0,0.0,0.0
6610,0,50000.0,60000.0
6614,0,40000.0,50000.0
6618,0,32000.0,52000.0
6620,0,130000.0,180000.0
6646,0,0.0,0.0
6659,0,40000.0,50000.0
6691,1,65000.0,85000.0
6722,0,70000.0,110000.0
6726,0,60000.0,120000.0
6728,0,60000.0,120000.0
6733,0,20000.0,27000.0
6742,0,25000.0,35000.0
6758,0,65000.0,72000.0
6790,0,25000.0,35000.0
6800,1,21600.0,31200.0
6822,0,40000.0,50000.0
6827,0,50000.0,65000.0
6832,0,55000.0,85000.0
6836,0,110000.0,120000.0
6847,1,7200.0,1380000.0
6852,1,7200.0,1380000.0
6855,1,7200.0,1380000.0
6868,0,60000.0,80000.0
6898,0,30000.0,40000.0
6900,0,70000.0,85000.0
6905,0,70000.0,90000.0
6911,0,60000.0,65000.0
6912,0,35000.0,45000.0
6915,0,70000.0,80000.0
6916,0,0.0,0.0
6930,0,100000.0,150000.0
6957,0,37500.0,42500.0
6958,0,70000.0,100000.0
6971,0,100000.0,130000.0
6991,0,29000.0,32000.0
6997,0,50000.0,72000.0
7009,0,0.0,150000.0
7019,0,80000.0,90000.0
7050,0,140000.0,150000.0
7074,0,140000.0,150000.0
7075,0,150000.0,160000.0
7080,0,140000.0,150000.0
7081,0,140000.0,150000.0
7082,0,140000.0,150000.0
7084,0,140000.0,150000.0
7086,0,140000.0,150000.0
7089,0,140000.0,160000.0
7090,0,140000.0,150000.0
7092,0,140000.0,150000.0
7095,0,40000.0,50000.0
7106,0,60000.0,75000.0
7127,0,0.0,0.0
7132,1,60000.0,90000.0
7137,0,40000.0,50000.0
7149,1,35000.0,45000.0
7174,0,0.0,95000.0
7178,1,40000.0,65000.0
7183,0,70000.0,90000.0
7184,1,30000.0,38000.0
7189,0,36000.0,42000.0
7209,0,65000.0,115000.0
7236,0,65000.0,85000.0
7260,0,80000.0,95000.0
7278,0,50.0,90.0
7355,0,0.0,0.0
7358,0,75000.0,90000.0
7374,0,135.0,165.0
7376,0,75000.0,100000.0
7391,0,92000.0,141000.0
7396,0,35.0,60.0
7398,0,1000.0,26000.0
7428,0,46000.0,55000.0
7433,0,32000.0,45000.0
7461,0,85000.0,110000.0
7494,0,30000.0,40000.0
7505,0,55000.0,70000.0
7518,0,135.0,165.0
7527,0,140000.0,150000.0
7540,0,55000.0,70000.0
7553,0,40000.0,50000.0
7562,0,140000.0,150000.0
7570,0,140000.0,150000.0
7571,1,30000.0,34000.0
7581,0,196000.0,230000.0
7592,0,40000.0,50000.0
7595,0,50000.0,60000.0
7610,0,42000.0,58000.0
7627,0,140000.0,150000.0
7634,0,140000.0,150000.0
7639,0,45000.0,67000.0
7647,0,40000.0,60000.0
7652,0,150000.0,16500000.0
7683,0,50000.0,70000.0
7687,0,35000.0,65000.0
7703,0,60000.0,73000.0
7710,0,50000.0,65000.0
7714,0,60000.0,70000.0
7724,0,0.0,50000.0
7770,0,25000.0,40000.0
7807,0,500000.0,800000.0
7816,0,30000.0,60000.0
7819,1,17.0,20.0
7826,0,30000.0,40000.0
7832,0,100000.0,150000.0
7844,0,32000.0,46000.0
7865,0,130000.0,150000.0
7872,0,100000.0,150000.0
7882,0,55000.0,75000.0
7883,0,90000.0,100000.0
7891,0,25000.0,30000.0
7892,0,40000.0,80000.0
7901,0,45000.0,65000.0
7904,0,0.0,0.0
7934,0,20000.0,30000.0
7945,1,30000.0,40000.0
7966,0,33000.0,36000.0
7993,0,80000.0,100000.0
8001,0,28000.0,32000.0
8005,0,45000.0,67000.0
8011,0,40000.0,60000.0
8020,0,15000.0,30000.0
8027,0,100000.0,130000.0
8029,0,85000.0,120000.0
8042,0,40.0,50.0
8050,0,35000.0,95000.0
8058,1,35000.0,75000.0
8068,0,28000.0,40000.0
8072,0,120000.0,140000.0
8074,0,55000.0,75000.0
8081,0,30000.0,48000.0
8091,0,100000.0,117000.0
8104,0,45000.0,95000.0
8109,0,55.0,105.0
8124,0,70000.0,80000.0
8146,0,33000.0,100000.0
8163,0,13.0,15.0
8164,0,125.0,175.0
8172,0,60000.0,90000.0
8173,0,0.0,0.0
8188,0,41000.0,45000.0
8199,0,175.0,225.0
8200,0,60000.0,80000.0
8201,0,55000.0,75000.0
8202,0,125.0,175.0
8224,0,0.0,0.0
8237,0,80000.0,100000.0
8241,0,100000.0,117000.0
8267,0,40000.0,45000.0
8280,0,80000.0,100000.0
8291,0,45000.0,65000.0
8302,0,55000.0,75000.0
8321,0,120.0,160.0
8322,0,0.0,0.0
8331,0,40000.0,60000.0
8344,0,10000.0,100000.0
8346,0,900.0,900.0
8351,0,65000.0,70000.0
8352,0,40000.0,100000.0
8376,0,70000.0,125000.0
8411,0,55000.0,75000.0
8412,0,65000.0,100000.0
8418,0,55000.0,75000.0
8420,0,100000.0,150000.0
8444,0,60000.0,80000.0
8447,0,0.0,0.0
8453,0,100000.0,110000.0
8456,0,80000.0,89000.0
8458,0,75000.0,100000.0
8477,0,14.0,15.0
8489,1,65000.0,80000.0
8501,0,55000.0,75000.0
8507,0,18720.0,19760.0
8512,0,45000.0,67000.0
8531,0,40000.0,100000.0
8538,0,95000.0,110000.0
8543,0,60000.0,75000.0
8546,0,0.0,0.0
8583,0,35000.0,36000.0
8589,0,0.0,0.0
8612,0,40000.0,55000.0
8613,0,60000.0,75000.0
8624,0,190000.0,220000.0
8645,0,40000.0,60000.0
8655,1,40000.0,45000.0
8672,0,35000.0,70000.0
8677,0,100000.0,130000.0
8679,0,30000.0,40000.0
8681,1,37000.0,40000.0
8686,0,45000.0,67000.0
8688,0,45000.0,67000.0
8689,0,45000.0,67000.0
8690,1,37000.0,40000.0
8691,1,35000.0,40000.0
8697,0,0.0,0.0
8708,0,120000.0,140000.0
8723,1,140000.0,160000.0
8731,0,65000.0,110000.0
8751,0,90000.0,100000.0
8779,0,42000.0,62000.0
8797,0,35000.0,45000.0
8812,0,40000.0,50000.0
8830,0,34000.0,38000.0
8833,1,40000.0,50000.0
8837,1,23000.0,28000.0
8839,1,26000.0,32000.0
8854,0,30000.0,50000.0
8865,0,110000.0,130000.0
8870,0,0.0,130000.0
8872,0,1000.0,1000.0
8886,0,20000.0,50000.0
8888,0,25000.0,35000.0
8915,0,70000.0,90000.0
8926,0,55000.0,75000.0
8943,0,100000.0,150000.0
8945,0,45000.0,67000.0
8965,0,99000.0,99999.0
8986,0,0.0,180000.0
8990,0,120000.0,140000.0
8994,0,80.0,100.0
8998,0,95000.0,110000.0
9007,0,0.0,120000.0
9010,0,60000.0,75000.0
9012,0,50000.0,70000.0
9026,0,55000.0,68000.0
9039,0,90000.0,120000.0
9050,0,40000.0,70000.0
9061,0,40000.0,60000.0
9066,0,36000.0,42000.0
9088,0,40000.0,50000.0
9123,0,30000.0,50000.0
9133,0,30000.0,35000.0
9172,0,40000.0,54000.0
9174,0,10000.0,120000.0
9179,0,100000.0,125000.0
9192,0,85.0,95.0
9215,0,60000.0,75000.0
9226,0,100000.0,150000.0
9256,0,220000.0,225000.0
9264,1,95000.0,115000.0
9265,0,55000.0,70000.0
9266,0,0.0,0.0
9267,0,45000.0,58000.0
9272,0,40000.0,70000.0
9273,0,0.0,110406.0
9288,0,35000.0,55000.0
9291,0,80000.0,120000.0
9336,0,35000.0,55000.0
9385,0,40000.0,80000.0
9386,0,45000.0,55000.0
9420,0,70000.0,80000.0
9421,0,40000.0,50000.0
9437,0,55000.0,60000.0
9442,0,40000.0,45000.0
9482,0,40000.0,60000.0
9517,0,125000.0,135000.0
9544,0,40000.0,46000.0
9545,0,30.0,50.0
9566,0,40000.0,50000.0
9576,0,45000.0,50000.0
9580,0,40000.0,100000.0
9592,0,35000.0,75000.0
9602,0,80000.0,105000.0
9607,0,90.0,110.0
9616,0,0.0,0.0
9618,0,34000.0,38000.0
9635,0,25000.0,30000.0
9636,0,70000.0,85000.0
9640,0,50000.0,80000.0
9648,0,850.0,1000.0
9650,0,33000.0,63000.0
9660,0,99000.0,99999.0
9664,0,9000.0,10000.0
9668,0,40.0,100.0
9697,0,33000.0,34000.0
9709,0,25000.0,30000.0
9713,0,33000.0,34000.0
9722,0,30000.0,50000.0
9723,0,26000.0,28000.0
9762,0,100000.0,150000.0
9770,0,30000.0,40000.0
9776,0,33000.0,34000.0
9781,0,30000.0,40000.0
9782,0,200000.0,250000.0
9799,0,40000.0,45000.0
9824,1,80000.0,120000.0
9828,0,65000.0,85000.0
9832,1,55000.0,68000.0
9836,0,50000.0,50000.0
9862,0,150000.0,200000.0
9865,0,0.0,0.0
9879,1,95000.0,115000.0
9903,0,10.0,10.0
9912,0,20.0,20.0
9918,0,45000.0,67000.0
9935,0,30000.0,45000.0
9946,0,29000.0,32000.0
9983,0,25000.0,30000.0
9984,0,140000.0,200000.0
9987,0,65000.0,85000.0
9998,0,25000.0,45000.0
10006,0,45000.0,67000.0
10007,0,100000.0,115000.0
10009,0,45000.0,67000.0
10019,0,70000.0,120000.0
10022,0,100000.0,200000.0
10026,0,55000.0,65000.0
10071,0,41000.0,45000.0
10078,0,105000.0,125000.0
10193,0,25000.0,30000.0
10255,0,20000.0,35000.0
10280,0,0.0,0.0
10289,0,50000.0,80000.0
10297,0,45000.0,55000.0
10325,0,30000.0,40000.0
10328,0,50000.0,80000.0
10387,0,65000.0,85000.0
10416,0,120000.0,135000.0
10421,0,28000.0,30000.0
10432,0,38000.0,45000.0
10444,0,18500.0,27000.0
10457,0,0.0,0.0
10482,0,30000.0,65000.0
10486,0,80000.0,120000.0
10490,0,35000.0,40000.0
10496,0,30000.0,50000.0
10506,0,100.0,150.0
10511,0,90000.0,150000.0
10527,0,30000.0,50000.0
10531,0,70000.0,85000.0
10551,0,40000.0,50000.0
10564,0,65000.0,120000.0
10571,0,0.0,0.0
10578,0,30000.0,45000.0
10590,0,40000.0,50000.0
10594,0,80000.0,100000.0
10607,0,115000.0,125000.0
10619,0,70000.0,160000.0
10624,0,40000.0,70000.0
10625,0,75000.0,85000.0
10636,0,32000.0,37440.0
10640,0,40000.0,70000.0
10641,0,75000.0,85000.0
10666,0,42000.0,80000.0
10669,0,40000.0,65000.0
10675,0,60000.0,70000.0
10677,0,42000.0,80000.0
10681,0,42000.0,80000.0
10682,0,42000.0,80000.0
10718,0,0.0,0.0
10722,0,0.0,0.0
10731,0,35000.0,50000.0
10733,0,35000.0,65000.0
10741,0,45000.0,67000.0
10743,0,42000.0,46000.0
10786,0,10.0,10.0
10788,0,0.0,0.0
10789,0,11.0,11.0
10791,0,50000.0,60000.0
10809,0,60000.0,80000.0
10821,0,1150.0,1150.0
10847,0,25000.0,25000.0
10850,1,120000.0,130000.0
10861,0,10.0,10.0
10871,0,20000.0,20000.0
10873,0,80000.0,100000.0
10884,0,10.0,10.0
10886,0,0.0,0.0
10887,0,70000.0,100000.0
10888,0,0.0,0.0
10890,0,10.0,10.0
10891,0,956.0,956.0
10897,0,10.0,10.0
10898,0,40000.0,47000.0
10903,0,0.0,0.0
10906,0,10.0,10.0
10907,0,42000.0,42000.0
10912,0,0.0,0.0
10919,0,0.0,0.0
10928,0,90000.0,95000.0
10941,0,130000.0,160000.0
10968,0,120000.0,150000.0
10998,0,0.0,100000.0
11057,0,40000.0,60000.0
11063,0,25000.0,30000.0
11067,0,30000.0,30000.0
11069,0,0.0,0.0
11080,0,55000.0,75000.0
11081,0,65000.0,80000.0
11135,0,120000.0,125000.0
11158,0,90000.0,130000.0
11178,0,80000.0,130000.0
11181,0,30000.0,45000.0
11182,0,40000.0,70000.0
11210,0,125000.0,150000.0
11230,0,0.0,0.0
11240,0,21000.0,35000.0
11250,0,50000.0,80000.0
11256,0,0.0,0.0
11257,0,55000.0,65000.0
11259,0,50000.0,50000.0
11269,0,100000.0,130000.0
11272,0,50000.0,50000.0
11286,0,30000.0,40000.0
11287,0,50000.0,70000.0
11291,0,45000.0,67000.0
11297,0,45000.0,67000.0
11318,0,25000.0,30000.0
11331,0,20000.0,25000.0
11347,0,45000.0,67000.0
11360,0,45000.0,67000.0
11362,0,11.0,11.0
11369,0,0.0,90000.0
11380,0,0.0,0.0
11381,0,150.0,175.0
11385,0,90000.0,100000.0
11436,0,28000.0,32000.0
11452,0,0.0,0.0
11460,0,35.0,45.0
11479,0,70000.0,80000.0
11502,0,30000.0,45000.0
11513,0,25000.0,40000.0
11534,0,25000.0,32000.0
11538,0,42000.0,60000.0
11558,0,14000.0,17000.0
11559,0,0.0,48000.0
11569,0,175000.0,250000.0
11574,0,80.0,110.0
11575,0,50000.0,60000.0
11576,0,55000.0,75000.0
11577,0,35000.0,65000.0
11582,0,0.0,0.0
11607,0,10.0,10.0
11608,0,45000.0,67000.0
11625,0,45000.0,45000.0
11627,0,25000.0,30000.0
11629,1,21600.0,31200.0
11637,0,30000.0,48000.0
11644,0,40000.0,50000.0
11660,0,150000.0,250000.0
11665,0,40000.0,50000.0
11673,1,21600.0,31200.0
11696,0,32000.0,36000.0
11706,0,35000.0,45000.0
11716,1,90000.0,100000.0
11720,0,50000.0,80000.0
11740,1,70000.0,80000.0
11747,0,0.0,0.0
11755,1,70000.0,80000.0
11756,1,55000.0,68000.0
11757,1,70000.0,80000.0
11758,1,65000.0,80000.0
11778,0,50000.0,58000.0
11809,0,55000.0,79000.0
11852,0,80000.0,150000.0
11854,0,30000.0,80000.0
11915,0,19000.0,24000.0
11942,0,35000.0,65000.0
11945,0,100000.0,120000.0
11947,0,24000.0,30000.0
11953,0,50000.0,80000.0
11956,0,100000.0,170000.0
11961,0,40000.0,90000.0
11971,0,50000.0,70000.0
11972,0,90000.0,100000.0
11973,0,90000.0,110000.0
11974,0,100000.0,120000.0
11975,0,90000.0,140000.0
11976,0,90000.0,120000.0
11977,0,80000.0,100000.0
11978,0,150000.0,200000.0
11979,0,90000.0,100000.0
11980,0,90000.0,120000.0
11986,0,29000.0,33000.0
11990,0,24000.0,36000.0
11995,0,29000.0,32000.0
12023,0,50.0,100.0
12058,0,77000.0,87000.0
12059,0,0.0,0.0
12067,0,80000.0,80000.0
12069,0,50000.0,85000.0
12072,0,50000.0,90000.0
12081,0,33000.0,100000.0
12083,0,40000.0,70000.0
12089,0,0.0,0.0
12095,0,45000.0,67000.0
12150,0,90000.0,110000.0
12159,0,115000.0,130000.0
12175,0,60000.0,75000.0
12225,0,25000.0,35000.0
12253,0,19000.0,24000.0
12254,0,85000.0,90000.0
12276,0,55000.0,75000.0
12285,0,0.0,30000.0
12300,0,35000.0,50000.0
12309,0,2500.0,2500.0
12312,1,44000.0,102000.0
12325,0,1050.0,1100.0
12355,0,50000.0,80000.0
12359,0,80.0,100.0
12361,0,50000.0,72000.0
12365,0,70000.0,105000.0
12374,0,80000.0,80000.0
12383,0,80000.0,110000.0
12390,0,0.0,0.0
12418,0,0.0,0.0
12420,0,0.0,0.0
12422,0,10.0,10.0
12425,0,0.0,0.0
12434,1,21600.0,31200.0
12448,0,100000.0,200000.0
12458,0,20000.0,27000.0
12502,0,0.0,0.0
12518,0,25000.0,30000.0
12597,0,0.0,0.0
12604,0,45000.0,63000.0
12613,0,60000.0,75000.0
12621,0,50000.0,60000.0
12632,0,32000.0,40000.0
12635,0,60000.0,100000.0
12650,0,45000.0,65000.0
12660,0,85000.0,95000.0
12676,0,100000.0,120000.0
12705,0,0.0,0.0
12713,0,100000.0,130000.0
12740,0,30000.0,50000.0
12750,0,50000.0,75000.0
12751,0,50000.0,80000.0
12803,0,45000.0,67000.0
12805,0,80000.0,250000.0
12823,0,45000.0,50000.0
12824,0,32000.0,50000.0
12850,0,0.0,0.0
12865,0,70000.0,100000.0
12866,0,85000.0,100000.0
12873,0,48000.0,60000.0
12875,0,90000.0,95000.0
12876,0,45000.0,120000.0
12890,0,27000.0,34280.0
12895,0,65000.0,80000.0
12896,0,33000.0,100000.0
12908,0,65000.0,75000.0
12922,0,40000.0,80000.0
12947,0,45000.0,50000.0
12952,0,40000.0,65000.0
12968,0,33000.0,100000.0
12983,0,90000.0,115000.0
13011,0,40000.0,40000.0
13024,0,75000.0,100000.0
13030,0,50000.0,100000.0
13036,0,1300.0,1500.0
13037,0,115000.0,130000.0
13075,0,25000.0,30000.0
13084,0,130000.0,160000.0
13100,0,0.0,0.0
13122,0,72000.0,144000.0
13153,0,10000.0,20000.0
13159,0,60000.0,75000.0
13162,0,90000.0,110000.0
13173,0,43000.0,69000.0
13183,0,50000.0,70000.0
13199,0,30000.0,40000.0
13201,0,100000.0,120000.0
13215,0,20000.0,40000.0
13227,0,60.0,65.0
13231,0,30000.0,40000.0
13233,0,65000.0,80000.0
13238,0,30000.0,40000.0
13262,0,80000.0,100000.0
13285,0,70000.0,120000.0
13305,0,30000.0,45000.0
13364,0,50000.0,80000.0
13366,0,40000.0,50000.0
13371,0,65.0,75.0
13373,0,40000.0,50000.0
13378,0,50.0,70.0
13382,0,100000.0,150000.0
13432,0,15600.0,15600.0
13445,0,70.0,150.0
13450,0,11.0,11.0
13459,0,60.0,90.0
13473,0,60.0,85.0
13478,0,30000.0,48000.0
13492,0,30000.0,30000.0
13500,0,0.0,0.0
13504,0,45000.0,55000.0
13510,0,38000.0,52000.0
13517,0,65.0,100.0
13538,0,110000.0,120000.0
13562,0,55000.0,70000.0
13581,0,45000.0,67000.0
13590,0,115.0,120.0
13600,0,45.0,70.0
13604,0,40000.0,100000.0
13609,0,40000.0,100000.0
13624,0,40000.0,70000.0
13645,0,35000.0,55000.0
13655,0,80000.0,110000.0
13660,0,65000.0,85000.0
13678,0,962.0,962.0
13728,0,78000.0,115000.0
13730,0,40000.0,60000.0
13736,0,30000.0,32000.0
13783,0,30000.0,40000.0
13792,0,48000.0,55000.0
13801,0,35000.0,48000.0
13829,0,33000.0,100000.0
13839,0,80000.0,130000.0
13860,0,65000.0,80000.0
13865,0,45000.0,67000.0
13874,0,33000.0,34000.0
13882,0,50000.0,90000.0
13894,0,40000.0,55000.0
13905,0,60000.0,80000.0
13907,0,40000.0,60000.0
13916,0,42000.0,80000.0
13921,0,50000.0,80000.0
13951,0,38000.0,65000.0
13992,0,25000.0,35000.0
13994,0,40000.0,50000.0
13995,0,80000.0,110000.0
14005,0,60000.0,150000.0
14016,0,30000.0,50000.0
14035,0,41600.0,50000.0
14050,0,80000.0,100000.0
14053,0,55000.0,75000.0
14064,0,20.0,25.0
14078,0,0.0,0.0
14086,0,45000.0,67000.0
14128,0,50000.0,60000.0
14129,1,63000.0,63000.0
14147,0,55000.0,75000.0
14148,0,55000.0,75000.0
14151,0,55000.0,75000.0
14165,0,30000.0,37000.0
14185,0,37000.0,41600.0
14197,0,20.0,20.0
14206,0,52000.0,100000.0
14212,0,33000.0,100000.0
14213,0,80000.0,120000.0
14216,0,33000.0,34000.0
14221,0,50000.0,85000.0
14224,0,35000.0,45000.0
14229,0,90000.0,110000.0
14238,0,130000.0,170000.0
14243,0,26000.0,30000.0
14259,0,91000.0,150000.0
14278,0,40000.0,100000.0
14280,0,60000.0,95000.0
14302,0,75000.0,100000.0
14329,0,40000.0,70000.0
14332,0,10000.0,100000.0
14337,0,36000.0,60000.0
14346,0,40000.0,100000.0
14356,0,65000.0,77000.0
14364,0,40.0,50.0
14365,0,30000.0,40000.0
14368,0,33000.0,39000.0
14382,0,100000.0,120000.0
14383,0,45000.0,67000.0
14418,0,1920.0,2000.0
14425,0,30000.0,35000.0
14432,0,50000.0,60000.0
14452,0,40000.0,60000.0
14471,0,50000.0,70000.0
14480,0,40000.0,70000.0
14484,0,45000.0,45000.0
14492,0,32000.0,42000.0
14499,0,50000.0,65000.0
14506,0,45000.0,70000.0
14507,0,28000.0,35000.0
14513,0,80000.0,90000.0
14518,0,50000.0,90000.0
14533,0,50000.0,70000.0
14545,0,70000.0,95000.0
14549,0,0.0,0.0
14580,0,30000.0,40000.0
14589,0,70.0,100.0
14600,0,30000.0,45000.0
14656,0,0.0,32000.0
14663,0,1150.0,1150.0
14696,0,50000.0,80000.0
14701,0,33000.0,34000.0
14708,0,60000.0,100000.0
14744,0,35000.0,100000.0
14767,0,40000.0,100000.0
14770,0,7.0,12000.0
14784,0,60000.0,80000.0
14800,0,115000.0,160000.0
14802,0,30000.0,50000.0
14806,0,130000.0,150000.0
14816,0,50000.0,90000.0
14834,0,20000.0,25000.0
14839,0,70000.0,100000.0
14846,0,50000.0,90000.0
14852,0,30000.0,50000.0
14863,0,65000.0,85000.0
14870,0,50000.0,80000.0
14875,0,30000.0,65000.0
14886,0,80000.0,120000.0
14905,0,80000.0,130000.0
14920,0,35000.0,45000.0
14928,0,0.0,0.0
14943,0,26000.0,30000.0
14952,0,50.0,65.0
14965,0,0.0,115.0
14966,0,0.0,0.0
14970,0,42000.0,80000.0
14971,0,25000.0,30000.0
14982,0,0.0,0.0
14988,0,14436.0,28000.0
15026,0,12000.0,18000.0
15028,0,0.0,0.0
15036,0,100000.0,130000.0
15038,0,48000.0,55000.0
15042,0,50000.0,80000.0
15046,0,110000.0,135000.0
15052,0,40.0,60.0
15063,0,45000.0,67000.0
15066,0,45000.0,80000.0
15074,0,55000.0,65000.0
15081,0,25.0,35.0
15082,0,38000.0,75000.0
15085,0,50000.0,150000.0
15136,0,0.0,0.0
15143,0,90000.0,130000.0
15144,0,90000.0,140000.0
15149,0,55000.0,70000.0
15156,0,45000.0,67000.0
15161,0,55000.0,75000.0
15200,1,48000.0,55000.0
15206,0,80000.0,120000.0
15211,0,70000.0,125000.0
15214,0,30000.0,40000.0
15215,0,18000.0,26000.0
15219,0,65000.0,90000.0
15232,0,40000.0,65000.0
15242,0,50000.0,65000.0
15245,0,24960.0,27040.0
15246,0,30000.0,48000.0
15251,0,40000.0,55000.0
15271,0,35000.0,50000.0
15294,0,75000.0,120000.0
15349,0,100000.0,150000.0
15355,0,55000.0,755000.0
15357,0,70000.0,125000.0
15392,0,30000.0,40000.0
15396,0,50000.0,80000.0
15397,0,45000.0,95000.0
15424,0,55000.0,70000.0
15430,0,2000.0,5000.0
15441,1,48000.0,58000.0
15461,0,0.0,0.0
15462,0,48000.0,60000.0
15469,0,20000.0,24000.0
15475,0,110000.0,140000.0
15484,0,10.0,10.0
15505,0,70000.0,125000.0
15511,0,50000.0,60000.0
15518,0,45000.0,67000.0
15520,0,45000.0,67000.0
15524,0,100000.0,125000.0
15556,0,100000.0,200000.0
15569,0,45000.0,55000.0
15590,0,45.0,85.0
15595,0,19200.0,33600.0
15596,0,60000.0,85000.0
15597,0,100000.0,130000.0
15598,0,35000.0,65000.0
15599,0,90000.0,130000.0
15600,0,70000.0,90000.0
15601,0,50000.0,80000.0
15615,0,18720.0,18720.0
15640,0,45000.0,67000.0
15646,0,38000.0,48000.0
15692,0,0.0,0.0
15723,0,50000.0,58000.0
15725,0,45000.0,50000.0
15739,0,40000.0,70000.0
15745,0,0.0,0.0
15757,0,60000.0,100000.0
15759,0,60000.0,130000.0
15761,0,42000.0,42000.0
15762,0,25000.0,30000.0
15763,0,200000.0,240000.0
15770,0,45000.0,70000.0
15798,0,750.0,750.0
15807,0,30000.0,50000.0
15837,0,24000.0,30000.0
15854,0,75000.0,110000.0
15875,0,120000.0,125000.0
15912,0,65000.0,120000.0
15922,0,35000.0,45000.0
15927,0,75000.0,95000.0
15929,1,3000.0,4000.0
15935,0,0.0,0.0
15936,0,30000.0,48000.0
15943,0,0.0,38000.0
15944,0,45000.0,60000.0
15966,0,30000.0,40000.0
15976,0,50000.0,90000.0
15982,0,175000.0,275000.0
15991,0,25000.0,30000.0
16021,0,45000.0,65000.0
16032,0,50000.0,90000.0
16036,0,35000.0,40000.0
16049,0,25000.0,45000.0
16064,0,110000.0,150000.0
16077,0,55000.0,65000.0
16114,0,80000.0,100000.0
16136,0,75000.0,85000.0
16150,0,60000.0,70000.0
16158,0,40000.0,45000.0
16174,0,200000.0,280000.0
16176,0,45000.0,67000.0
16182,0,70000.0,160000.0
16183,0,40000.0,50000.0
16184,0,40000.0,45000.0
16185,0,80000.0,90000.0
16188,0,30000.0,45000.0
16201,0,50000.0,100000.0
16203,0,70000.0,120000.0
16265,0,70000.0,85000.0
16276,0,33000.0,36000.0
16294,0,25000.0,40000.0
16316,0,100000.0,200000.0
16317,0,30000.0,45000.0
16333,0,65000.0,125000.0
16336,0,25000.0,35000.0
16347,0,80000.0,140000.0
16403,0,70000.0,90000.0
16433,0,45000.0,85000.0
16436,0,30000.0,50000.0
16444,0,120000.0,160000.0
16448,0,32000.0,45000.0
16450,0,95000.0,105000.0
16517,0,90.0,150.0
16529,0,0.0,0.0
16542,0,30.0,35.0
16545,0,40.0,55.0
16551,0,40.0,55.0
16554,0,100000.0,150000.0
16555,0,45000.0,175000.0
16561,0,143520.0,197600.0
16576,0,85000.0,150000.0
16578,0,145600.0,187200.0
16579,0,166400.0,260000.0
16590,0,25000.0,30000.0
16592,0,60000.0,70000.0
16595,0,55.0,125.0
16597,0,45.0,65.0
16601,0,50.0,65.0
16604,0,55.0,105.0
16605,0,33000.0,37000.0
16611,0,45.0,80.0
16629,0,166400.0,260000.0
16630,0,55.0,105.0
16649,0,25000.0,30000.0
16655,0,55.0,105.0
16667,0,143520.0,197600.0
16668,0,93600.0,122720.0
16669,0,25000.0,40000.0
16672,0,45.0,85.0
16675,0,50.0,65.0
16677,0,50.0,65.0
16694,0,30000.0,40000.0
16697,0,65000.0,140000.0
16709,0,45.0,80.0
16716,0,40000.0,60000.0
16723,0,208000.0,270400.0
16728,0,30000.0,40000.0
16730,0,30000.0,40000.0
16731,0,45.0,80.0
16740,0,20000.0,30000.0
16742,0,40000.0,45000.0
16744,0,83200.0,114400.0
16746,0,40000.0,45000.0
16751,0,93600.0,114400.0
16752,0,143520.0,197600.0
16754,0,156000.0,187200.0
16766,0,15.0,17.0
16767,0,80000.0,130000.0
16772,0,100000.0,130000.0
16782,0,25000.0,40000.0
16798,0,30000.0,40000.0
16806,0,30000.0,40000.0
16810,0,60000.0,90000.0
16811,0,20000.0,21000.0
16824,0,55.0,72.0
16830,0,80000.0,110000.0
16832,0,45.0,80.0
16837,0,0.0,0.0
16852,0,0.0,25000.0
16861,1,60000.0,100000.0
16862,1,40000.0,90000.0
16874,0,45.0,85.0
16884,0,60.0,150.0
16891,0,45.0,80.0
16892,0,60.0,150.0
16893,0,60.0,150.0
16895,0,60.0,150.0
16896,0,45.0,80.0
16897,0,80000.0,110000.0
16898,0,60.0,150.0
16900,0,55.0,105.0
16909,0,45.0,85.0
16915,0,55.0,105.0
16917,0,50.0,95.0
16922,0,45.0,67.0
16923,0,45.0,85.0
16928,0,45.0,67.0
16933,0,55.0,67.0
16935,0,45.0,67.0
16939,0,50.0,65.0
16943,0,50.0,65.0
16950,0,100000.0,150000.0
16951,0,55.0,125.0
16953,0,55.0,125.0
16966,0,30000.0,40000.0
16970,0,45.0,85.0
16981,0,35000.0,38000.0
16993,0,85000.0,150000.0
16994,0,85000.0,150000.0
16995,0,20000.0,30000.0
16998,0,80000.0,110000.0
17001,0,55.0,125.0
17004,0,45.0,80.0
17007,0,45.0,80.0
17029,0,27000.0,29000.0
17044,0,22000.0,30000.0
17045,0,20000.0,24000.0
17046,0,125000.0,135000.0
17049,0,75000.0,100000.0
17050,0,50000.0,100000.0
17055,0,166400.0,260000.0
17057,0,40000.0,45000.0
17094,0,20800.0,20800.0
17107,0,90000.0,110000.0
17117,0,50000.0,50000.0
17154,0,29000.0,32000.0
17162,0,1050.0,1050.0
17173,0,50000.0,100000.0
17177,0,35000.0,65000.0
17196,0,13.0,15.0
17202,0,75000.0,110000.0
17203,0,95000.0,105000.0
17213,0,60000.0,65000.0
17225,0,14000.0,36000.0
17234,0,10.0,10.0
17239,0,0.0,0.0
17245,0,85000.0,100000.0
17254,0,0.0,0.0
17258,0,85000.0,90000.0
17267,0,50000.0,70000.0
17268,0,55000.0,69000.0
17279,0,55000.0,75000.0
17284,0,40.0,100.0
17312,0,50000.0,55000.0
17313,0,50000.0,60000.0
17314,0,55000.0,65000.0
17319,0,50000.0,80000.0
17321,0,40000.0,55000.0
17355,0,50000.0,95000.0
17358,0,0.0,0.0
17363,0,40000.0,60000.0
17373,0,22000.0,26000.0
17382,0,60000.0,80000.0
17388,0,26000.0,28000.0
17390,1,16.0,20.0
17415,0,140.0,160.0
17421,0,42000.0,48000.0
17442,0,15500.0,16500.0
17451,0,30000.0,30000.0
17470,0,40000.0,50000.0
17495,0,70000.0,110000.0
17526,1,250000.0,500000.0
17539,1,13.0,20.0
17542,1,35000.0,40000.0
17555,1,0.0,0.0
17577,1,250000.0,500000.0
17578,1,10000.0,250000.0
17584,1,30000.0,35000.0
17589,1,250000.0,500000.0
17590,1,55000.0,68000.0
17603,1,7200.0,1380000.0
17606,1,21.0,63000.0
17618,1,2000.0,3000.0
17626,1,30000.0,42000.0
17627,1,0.0,0.0
17636,1,35000.0,40000.0
17639,1,20.0,25.0
17646,1,26000.0,50000.0
17650,1,21.0,63000.0
17651,1,25.0,30.0
17653,1,40000.0,60000.0
17657,1,25.0,25.0
17666,1,1000.0,2000.0
17667,1,20.0,25.0
17669,1,30000.0,60000.0
17673,1,23000.0,28000.0
17681,1,7200.0,1380000.0
17683,1,1517.0,1517.0
17686,1,30000.0,38000.0
17693,1,34000.0,42000.0
17699,1,15.0,19.0
17701,1,15.0,19.0
17712,1,7200.0,1380000.0
17717,1,35000.0,75000.0
17723,1,13.0,20.0
17725,1,21.0,31.0
17726,1,2000.0,4000.0
17729,1,0.0,0.0
17734,1,250000.0,500000.0
17735,1,30000.0,50000.0
17747,1,7200.0,1380000.0
17748,1,35000.0,45000.0
17754,1,7200.0,1380000.0
17755,1,48000.0,65000.0
17756,1,17.0,20.0
17760,1,30000.0,50000.0
17761,1,53000.0,67000.0
17765,1,22.0,61000.0
17770,1,48000.0,55000.0
17774,1,0.0,0.0
17776,1,17.0,20.0
17782,1,17000.0,21000.0
17784,1,15.0,19.0
17797,1,1000.0,3000.0
17808,1,30000.0,35000.0
17809,1,3700.0,3800.0
17813,1,130000.0,145000.0
17814,1,30000.0,50000.0
17817,1,15000.0,30000.0
17844,0,30000.0,50000.0
17845,0,0.0,0.0
17850,0,80000.0,100000.0
17875,0,80000.0,100000.0
